City_ID,City,Country,Date,Lat,Lng,Max Temp,Humidity,Cloudiness,Wind Speed,Current Description,Rain inches (past 3 hours),Snow inches (past 3 hours)
0,Esperance,AU,2020-05-10 00:29:01,-33.87,121.9,50.0,76,0,14.99,clear sky,0,0
1,Ushuaia,AR,2020-05-10 00:25:05,-54.8,-68.3,44.6,75,80,3.36,broken clouds,0,0
2,Chuy,UY,2020-05-10 00:29:01,-33.7,-53.46,55.71,74,54,7.49,broken clouds,0,0
3,Whitehorse,CA,2020-05-10 00:25:09,60.72,-135.05,69.8,21,40,16.11,scattered clouds,0,0
4,Sao Gabriel Da Cachoeira,BR,2020-05-10 00:29:01,-0.13,-67.09,75.2,95,100,1.48,light rain,0,0
5,Busselton,AU,2020-05-10 00:29:01,-33.65,115.33,46.99,75,0,2.77,clear sky,0,0
6,Port Elizabeth,ZA,2020-05-10 00:29:01,-33.92,25.57,57.2,100,0,5.82,clear sky,0,0
7,Kapaa,US,2020-05-10 00:28:17,22.08,-159.32,78.8,65,40,19.46,scattered clouds,0,0
8,Kindu,CD,2020-05-10 00:29:02,-2.95,25.95,70.65,98,100,1.66,light rain,0,0
9,Bairiki,KI,2020-05-10 00:29:02,1.33,172.98,87.8,70,20,8.05,few clouds,0,0
10,Ilulissat,GL,2020-05-10 00:29:02,69.22,-51.1,30.2,92,100,1.12,light snow,0,0
11,Mataura,NZ,2020-05-10 00:27:15,-46.19,168.86,56.79,65,59,3.74,broken clouds,0,0
12,Ayia Galini,GR,2020-05-10 00:29:03,35.1,24.68,61.0,70,0,1.99,clear sky,0,0
13,Jamestown,US,2020-05-10 00:29:03,42.1,-79.24,37.99,69,90,9.17,overcast clouds,0,0
14,Bluff,NZ,2020-05-10 00:29:03,-46.6,168.33,56.32,72,61,7.16,broken clouds,0,0
15,Punta Arenas,CL,2020-05-10 00:29:03,-53.15,-70.92,44.6,93,90,3.36,overcast clouds,0,0
16,Broome,US,2020-05-10 00:29:03,42.25,-75.83,35.01,80,90,10.29,light snow,0,0
17,Castro,BR,2020-05-10 00:29:03,-24.79,-50.01,51.82,88,0,3.4,clear sky,0,0
18,Trat,TH,2020-05-10 00:29:04,12.5,102.5,81.59,87,100,1.32,overcast clouds,0,0
19,East London,ZA,2020-05-10 00:29:04,-33.02,27.91,64.83,70,9,5.57,clear sky,0,0
20,Spartanburg,US,2020-05-10 00:24:28,34.95,-81.93,59.0,38,1,3.98,clear sky,0,0
21,Okhotsk,RU,2020-05-10 00:29:04,59.38,143.3,41.49,66,0,12.1,clear sky,0,0
22,Puerto Ayora,EC,2020-05-10 00:29:04,-0.74,-90.35,77.0,92,42,6.62,scattered clouds,0,0
23,Provideniya,RU,2020-05-10 00:29:04,64.38,-173.3,38.93,79,100,34.9,overcast clouds,0,0
24,Totskoye,RU,2020-05-10 00:29:04,52.52,52.76,55.6,80,88,14.99,overcast clouds,0,0
25,Cape Town,ZA,2020-05-10 00:28:48,-33.93,18.42,57.2,100,90,4.7,fog,0,0
26,Abu Samrah,SY,2020-05-10 00:29:05,35.3,37.18,59.77,74,0,20.38,clear sky,0,0
27,Boyolangu,ID,2020-05-10 00:29:05,-8.12,111.89,76.46,86,100,0.89,overcast clouds,0,0
28,Vaitape,PF,2020-05-10 00:29:05,-16.52,-151.75,82.0,79,16,16.71,few clouds,0,0
29,Tilichiki,RU,2020-05-10 00:29:05,60.47,166.1,32.13,100,100,8.86,overcast clouds,0,0
30,Airai,TL,2020-05-10 00:29:05,-8.93,125.41,64.94,90,98,4.18,overcast clouds,0,0
31,Klaksvik,FO,2020-05-10 00:29:05,62.23,-6.59,30.2,63,69,13.87,broken clouds,0,0
32,Panaba,MX,2020-05-10 00:29:06,21.28,-88.27,83.39,69,58,11.03,broken clouds,0,0
33,Luau,AO,2020-05-10 00:29:06,-10.71,22.22,65.25,75,42,4.27,scattered clouds,0,0
34,Shelburne,CA,2020-05-10 00:29:06,44.08,-80.2,37.4,47,90,12.75,overcast clouds,0,0
35,Roscrea,IE,2020-05-10 00:29:06,52.95,-7.8,52.0,94,66,4.0,broken clouds,0,0
36,Tura,IN,2020-05-10 00:29:06,25.52,90.22,73.92,46,0,3.42,clear sky,0,0
37,Mahebourg,MU,2020-05-10 00:29:07,-20.41,57.7,73.4,83,40,8.05,shower rain,0,0
38,Norman Wells,CA,2020-05-10 00:24:59,65.28,-126.83,48.2,45,5,18.34,clear sky,0,0
39,Iqaluit,CA,2020-05-10 00:29:07,63.75,-68.51,35.6,80,75,10.29,light snow,0,0
40,Saskylakh,RU,2020-05-10 00:27:15,71.92,114.08,23.27,97,100,9.4,light snow,0,0
41,Husavik,IS,2020-05-10 00:29:07,66.04,-17.34,23.0,79,0,6.93,clear sky,0,0
42,Terrace,CA,2020-05-10 00:29:07,54.52,-128.6,77.0,28,75,6.93,broken clouds,0,0
43,Gaoua,BF,2020-05-10 00:29:07,10.3,-3.25,83.41,62,69,3.09,broken clouds,0,0
44,Lorengau,PG,2020-05-10 00:29:08,-2.02,147.27,86.31,70,14,9.48,few clouds,0,0
45,Ferme-Neuve,CA,2020-05-10 00:27:31,46.7,-75.45,35.46,72,100,6.69,overcast clouds,0,0
46,Kununurra,AU,2020-05-10 00:29:08,-15.77,128.73,86.0,33,51,11.41,broken clouds,0,0
47,Dahuk,IQ,2020-05-10 00:29:08,36.87,42.99,62.55,66,49,10.07,scattered clouds,0,0
48,Hermanus,ZA,2020-05-10 00:29:08,-34.42,19.23,57.99,83,0,5.73,clear sky,0,0
49,Atuona,PF,2020-05-10 00:29:08,-9.8,-139.03,80.78,78,51,18.97,light rain,0,0
50,Torbay,CA,2020-05-10 00:29:09,47.67,-52.73,48.99,93,90,31.09,light rain,0,0
51,Zhigansk,RU,2020-05-10 00:29:09,66.77,123.37,21.7,96,19,10.92,few clouds,0,0
52,Inhambane,MZ,2020-05-10 00:29:09,-23.86,35.38,68.54,84,9,9.69,clear sky,0,0
53,Axim,GH,2020-05-10 00:29:09,4.87,-2.24,80.87,87,29,7.45,light rain,0,0
54,Chifeng,CN,2020-05-10 00:29:09,42.27,118.96,59.5,29,0,22.55,clear sky,0,0
55,Bethel,US,2020-05-10 00:27:09,41.37,-73.41,35.01,86,75,8.05,light snow,0,0
56,Kingston,JM,2020-05-10 00:26:07,18.0,-76.79,84.2,74,20,26.4,few clouds,0,0
57,Primo Tapia,MX,2020-05-10 00:29:10,32.22,-116.92,73.0,73,75,11.41,broken clouds,0,0
58,Bilasipara,IN,2020-05-10 00:29:10,26.23,90.23,75.09,48,0,7.16,clear sky,0,0
59,Ancud,CL,2020-05-10 00:29:10,-41.87,-73.82,48.99,87,40,9.17,scattered clouds,0,0
60,Mamaku,NZ,2020-05-10 00:29:10,-38.1,176.08,64.0,72,37,1.99,scattered clouds,0,0
61,Arraial Do Cabo,BR,2020-05-10 00:29:10,-22.97,-42.03,71.73,64,0,12.21,clear sky,0,0
62,Rock Sound,BS,2020-05-10 00:29:11,24.9,-76.2,78.15,81,100,12.33,light rain,0,0
63,Jaszszentandras,HU,2020-05-10 00:29:11,47.58,20.18,59.0,66,41,4.7,scattered clouds,0,0
64,Aswan,EG,2020-05-10 00:29:11,24.09,32.91,70.43,30,0,10.63,clear sky,0,0
65,Cururupu,BR,2020-05-10 00:29:11,-1.83,-44.87,75.27,96,64,3.11,broken clouds,0,0
66,Hilo,US,2020-05-10 00:29:11,19.73,-155.09,80.6,57,40,8.05,scattered clouds,0,0
67,Coquimbo,CL,2020-05-10 00:29:11,-29.95,-71.34,53.6,87,28,3.36,scattered clouds,0,0
68,Aklavik,CA,2020-05-10 00:29:12,68.22,-135.01,44.6,52,20,16.11,few clouds,0,0
69,Portland,US,2020-05-10 00:26:11,45.52,-122.68,87.01,22,75,18.34,broken clouds,0,0
70,Vaini,TO,2020-05-10 00:29:12,-21.2,-175.2,80.6,94,75,10.29,thunderstorm,0,0
71,Westport,US,2020-05-10 00:29:12,41.14,-73.36,37.99,80,90,13.87,light rain,0,0
72,Mar Del Plata,AR,2020-05-10 00:24:29,-38.0,-57.56,59.0,87,0,2.24,clear sky,0,0
73,Cidreira,BR,2020-05-10 00:26:23,-30.18,-50.21,63.79,82,0,8.81,clear sky,0,0
74,Rikitea,PF,2020-05-10 00:27:15,-23.12,-134.97,75.85,69,65,4.03,broken clouds,0,0
75,Burns Lake,CA,2020-05-10 00:28:34,54.23,-125.75,65.32,28,8,11.99,clear sky,0,0
76,Avarua,CK,2020-05-10 00:29:13,-21.21,-159.78,82.4,74,14,14.99,few clouds,0,0
77,Lompoc,US,2020-05-10 00:29:13,34.64,-120.46,69.01,82,90,5.82,overcast clouds,0,0
78,Atagay,RU,2020-05-10 00:29:13,55.1,99.39,51.85,57,78,7.85,broken clouds,0,0
79,Nanortalik,GL,2020-05-10 00:29:13,60.14,-45.24,40.14,69,31,14.9,scattered clouds,0,0
80,Coahuayana,MX,2020-05-10 00:29:13,18.73,-103.68,84.2,48,40,11.41,scattered clouds,0,0
81,Hobart,AU,2020-05-10 00:26:28,-42.88,147.33,52.0,57,20,9.17,few clouds,0,0
82,Taltal,CL,2020-05-10 00:29:13,-25.4,-70.48,59.7,77,83,4.27,broken clouds,0,0
83,Guerrero Negro,MX,2020-05-10 00:29:14,27.98,-114.06,74.55,50,0,16.22,clear sky,0,0
84,Chapais,CA,2020-05-10 00:29:14,49.78,-74.85,24.8,79,90,10.29,light snow,0,0
85,Villa Carlos Paz,AR,2020-05-10 00:24:49,-31.42,-64.5,68.0,59,0,11.41,clear sky,0,0
86,Batagay-Alyta,RU,2020-05-10 00:29:14,67.8,130.41,22.8,94,91,2.55,overcast clouds,0,0
87,Tiksi,RU,2020-05-10 00:29:14,71.69,128.87,22.75,94,0,3.67,clear sky,0,0
88,Saint-Francois,FR,2020-05-10 00:29:14,46.42,3.91,60.8,59,28,5.82,scattered clouds,0,0
89,Bredasdorp,ZA,2020-05-10 00:29:14,-34.53,20.04,59.0,93,0,3.36,clear sky,0,0
90,Olafsvik,IS,2020-05-10 00:29:14,64.89,-23.71,37.6,69,0,4.25,clear sky,0,0
91,Hasaki,JP,2020-05-10 00:29:15,35.73,140.83,70.0,100,75,8.05,broken clouds,0,0
92,Anahuac,MX,2020-05-10 00:29:15,27.23,-100.15,80.6,44,75,10.29,broken clouds,0,0
93,Chokurdakh,RU,2020-05-10 00:29:15,70.63,147.92,26.51,98,34,4.99,scattered clouds,0,0
94,Kodiak,US,2020-05-10 00:29:15,57.79,-152.41,44.6,93,90,10.29,light rain,0,0
95,Kaeo,NZ,2020-05-10 00:29:15,-35.1,173.78,66.99,25,94,11.99,overcast clouds,0,0
96,Nome,US,2020-05-10 00:29:15,64.5,-165.41,48.2,61,1,14.99,clear sky,0,0
97,Portobelo,PA,2020-05-10 00:29:15,9.55,-79.65,86.0,79,99,3.36,overcast clouds,0,0
98,Saint George,US,2020-05-10 00:29:16,37.1,-113.58,93.0,8,1,12.75,clear sky,0,0
99,Seymchan,RU,2020-05-10 00:29:16,62.88,152.43,34.86,87,100,14.03,overcast clouds,0,0
100,Kosonsoy,UZ,2020-05-10 00:29:16,41.26,71.55,62.6,67,58,4.7,broken clouds,0,0
101,Fortuna,US,2020-05-10 00:29:16,40.6,-124.16,63.0,82,1,12.75,clear sky,0,0
102,Tomatlan,MX,2020-05-10 00:29:16,19.93,-105.25,89.11,33,0,8.3,clear sky,0,0
103,Praia Da Vitoria,PT,2020-05-10 00:27:14,38.73,-27.07,64.4,93,75,15.43,broken clouds,0,0
104,Tiarei,PF,2020-05-10 00:29:16,-17.53,-149.33,87.8,62,34,6.93,scattered clouds,0,0
105,San Vicente,AR,2020-05-10 00:29:17,-26.62,-54.13,55.53,74,0,2.98,clear sky,0,0
106,Rancho Palos Verdes,US,2020-05-10 00:25:43,33.74,-118.39,72.0,82,50,5.99,scattered clouds,0,0
107,Voznesenye,RU,2020-05-10 00:29:17,61.01,35.48,38.08,80,9,7.2,clear sky,0,0
108,Fougeres,FR,2020-05-10 00:29:17,48.35,-1.2,60.8,100,57,6.93,broken clouds,0,0
109,Hirara,JP,2020-05-10 00:29:18,24.8,125.28,82.4,83,75,10.29,broken clouds,0,0
110,Masindi,UG,2020-05-10 00:29:18,1.67,31.71,63.0,99,100,4.81,heavy intensity rain,0,0
111,Samarai,PG,2020-05-10 00:29:18,-10.62,150.67,81.21,80,95,13.62,overcast clouds,0,0
112,Port Alfred,ZA,2020-05-10 00:29:18,-33.59,26.89,59.0,92,1,8.55,clear sky,0,0
113,Bambous Virieux,MU,2020-05-10 00:29:19,-20.34,57.76,73.4,83,40,8.05,shower rain,0,0
114,Berlevag,NO,2020-05-10 00:29:19,70.86,29.09,30.45,90,96,7.11,overcast clouds,0,0
115,Jelling,DK,2020-05-10 00:29:19,55.76,9.43,51.01,100,22,1.12,fog,0,0
116,Kungurtug,RU,2020-05-10 00:29:19,50.6,97.52,41.22,59,45,1.1,scattered clouds,0,0
117,Wanning,CN,2020-05-10 00:29:20,18.8,110.4,83.01,83,19,11.61,few clouds,0,0
118,Nikolskoye,RU,2020-05-10 00:29:20,59.7,30.79,43.0,74,32,4.47,scattered clouds,0,0
119,Luderitz,NA,2020-05-10 00:29:20,-26.65,15.16,57.2,82,0,4.36,clear sky,0,0
120,Longyearbyen,SJ,2020-05-10 00:29:20,78.22,15.64,15.8,61,20,11.41,few clouds,0,0
121,Kompaniyivka,UA,2020-05-10 00:28:21,48.25,32.21,44.91,77,36,5.35,scattered clouds,0,0
122,Butaritari,KI,2020-05-10 00:29:21,3.07,172.79,83.5,80,5,9.42,clear sky,0,0
123,Alyangula,AU,2020-05-10 00:29:21,-13.85,136.42,84.2,66,0,8.05,clear sky,0,0
124,San Cristobal,VE,2020-05-10 00:26:00,7.77,-72.22,68.5,88,32,3.69,scattered clouds,0,0
125,Lashio,MM,2020-05-10 00:29:22,22.93,97.75,69.22,58,1,1.88,clear sky,0,0
126,Constitucion,CL,2020-05-10 00:29:22,-35.33,-72.42,55.51,91,19,0.83,few clouds,0,0
127,Takoradi,GH,2020-05-10 00:29:22,4.88,-1.76,80.83,89,9,9.01,clear sky,0,0
128,New Norfolk,AU,2020-05-10 00:29:22,-42.78,147.06,52.0,73,11,4.0,few clouds,0,0
129,Lhokseumawe,ID,2020-05-10 00:26:53,5.18,97.15,78.06,87,100,6.69,overcast clouds,0,0
130,Neiafu,TO,2020-05-10 00:29:22,-18.65,-173.98,86.0,79,40,10.29,scattered clouds,0,0
131,Ostrovnoy,RU,2020-05-10 00:29:22,68.05,39.51,34.45,95,100,6.29,light rain,0,0
132,Esso,RU,2020-05-10 00:29:23,55.93,158.7,31.93,93,100,22.93,light snow,0,0
133,Worthington,US,2020-05-10 00:29:04,40.09,-83.02,48.99,31,1,8.05,clear sky,0,0
134,Gilbues,BR,2020-05-10 00:29:23,-9.83,-45.34,72.63,86,100,8.59,overcast clouds,0,0
135,Te Anau,NZ,2020-05-10 00:29:23,-45.42,167.72,56.79,81,100,4.92,overcast clouds,0,0
136,Pisco,PE,2020-05-10 00:29:23,-13.7,-76.22,66.2,88,7,16.11,clear sky,0,0
137,Gimli,CA,2020-05-10 00:29:23,50.63,-96.99,43.0,45,86,11.01,overcast clouds,0,0
138,Bendigo,AU,2020-05-10 00:29:23,-36.77,144.28,46.99,78,10,1.01,clear sky,0,0
139,Akdepe,TM,2020-05-10 00:29:24,42.06,59.38,66.2,67,0,6.93,clear sky,0,0
140,Leningradskiy,RU,2020-05-10 00:29:24,69.38,178.42,27.21,96,100,11.01,overcast clouds,0,0
141,Itoman,JP,2020-05-10 00:29:24,26.12,127.67,80.01,88,40,8.05,scattered clouds,0,0
142,Guaraniacu,BR,2020-05-10 00:29:24,-25.1,-52.88,53.17,90,0,3.06,clear sky,0,0
143,Srednekolymsk,RU,2020-05-10 00:29:24,67.45,153.68,36.97,86,99,14.9,overcast clouds,0,0
144,Velsk,RU,2020-05-10 00:29:24,61.07,42.1,40.73,81,16,3.78,few clouds,0,0
145,Des Moines,US,2020-05-10 00:28:58,41.6,-93.61,55.4,62,90,27.51,overcast clouds,0,0
146,Qaanaaq,GL,2020-05-10 00:29:25,77.48,-69.36,10.69,84,77,3.65,broken clouds,0,0
147,Urusha,RU,2020-05-10 00:29:25,54.05,122.9,45.01,52,26,7.09,scattered clouds,0,0
148,Matay,EG,2020-05-10 00:29:25,28.42,30.78,62.85,65,0,10.6,clear sky,0,0
149,Alta Floresta,BR,2020-05-10 00:29:25,-9.88,-56.09,73.02,94,73,2.51,broken clouds,0,0
150,Oakley,US,2020-05-10 00:27:15,38.0,-121.71,88.0,32,66,1.99,broken clouds,0,0
151,Eyl,SO,2020-05-10 00:29:25,7.98,49.82,82.53,75,47,5.59,scattered clouds,0,0
152,Georgetown,MY,2020-05-10 00:29:26,5.41,100.34,82.4,100,20,3.36,mist,0,0
153,Jiangyou,CN,2020-05-10 00:29:26,31.77,104.72,66.11,62,53,4.97,broken clouds,0,0
154,Gornopravdinsk,RU,2020-05-10 00:29:26,60.05,69.9,57.87,59,3,6.96,clear sky,0,0
155,Narsaq,GL,2020-05-10 00:29:26,60.92,-46.05,50.0,23,30,23.04,scattered clouds,0,0
156,Sernovodsk,RU,2020-05-10 00:29:26,43.31,45.16,53.6,93,90,4.47,overcast clouds,0,0
157,Gushikawa,JP,2020-05-10 00:29:26,26.35,127.87,80.6,78,40,8.05,scattered clouds,0,0
158,Tupik,RU,2020-05-10 00:29:26,54.43,119.93,43.72,57,82,4.27,broken clouds,0,0
159,Saint Anthony,US,2020-05-10 00:26:24,45.02,-93.22,46.99,81,90,10.29,moderate rain,0,0
160,Akdagmadeni,TR,2020-05-10 00:29:27,39.66,35.88,36.39,86,10,1.81,clear sky,0,0
161,Syamzha,RU,2020-05-10 00:29:27,60.02,41.06,39.61,85,21,4.21,few clouds,0,0
162,Bam,IR,2020-05-10 00:29:27,29.11,58.36,77.41,18,84,2.28,broken clouds,0,0
163,Los Llanos De Aridane,ES,2020-05-10 00:29:27,28.66,-17.92,68.0,68,14,6.93,few clouds,0,0
164,Katangli,RU,2020-05-10 00:29:27,51.71,143.23,45.01,61,0,3.87,clear sky,0,0
165,Albany,US,2020-05-10 00:29:27,42.6,-73.97,36.0,55,79,11.99,broken clouds,0,0
166,Santiago,CL,2020-05-10 00:24:42,-33.46,-70.65,60.8,59,0,8.05,clear sky,0,0
167,Victoria,HK,2020-05-10 00:29:28,22.29,114.16,87.01,81,64,5.99,broken clouds,0,0
168,Muravlenko,RU,2020-05-10 00:29:28,63.79,74.52,41.9,84,62,12.28,broken clouds,0,0
169,Pringsewu,ID,2020-05-10 00:29:28,-5.36,104.97,74.82,94,99,1.59,overcast clouds,0,0
170,Marcala,HN,2020-05-10 00:29:28,14.15,-88.03,84.2,54,75,6.93,broken clouds,0,0
171,Bandarbeyla,SO,2020-05-10 00:29:28,9.49,50.81,81.48,77,0,6.15,clear sky,0,0
172,La Ronge,CA,2020-05-10 00:29:28,55.1,-105.28,46.4,28,20,6.93,few clouds,0,0
173,Portel,BR,2020-05-10 00:29:29,-1.94,-50.82,76.21,95,100,2.64,light rain,0,0
174,Bauchi,NG,2020-05-10 00:29:29,10.5,10.0,78.35,62,100,4.74,overcast clouds,0,0
175,Port Lincoln,AU,2020-05-10 00:29:29,-34.73,135.87,58.75,61,36,9.22,scattered clouds,0,0
176,Palmer,US,2020-05-10 00:28:44,42.16,-72.33,37.4,44,1,23.04,clear sky,0,0
177,Dukat,RU,2020-05-10 00:29:29,62.55,155.55,29.14,98,100,12.33,snow,0,0
178,Gat,IL,2020-05-10 00:29:29,31.61,34.76,64.0,78,21,3.44,few clouds,0,0
179,Haines Junction,CA,2020-05-10 00:29:29,60.75,-137.51,67.5,31,64,2.17,broken clouds,0,0
180,Oranjemund,NA,2020-05-10 00:29:30,-28.55,16.43,68.02,40,0,3.31,clear sky,0,0
181,Richards Bay,ZA,2020-05-10 00:29:30,-28.78,32.04,64.96,91,2,4.47,clear sky,0,0
182,Belyy Yar,RU,2020-05-10 00:29:30,53.6,91.39,42.8,70,0,2.24,clear sky,0,0
183,Dayong,CN,2020-05-10 00:29:30,25.02,118.29,82.4,88,80,4.47,light rain,0,0
184,Miri,MY,2020-05-10 00:29:30,4.41,114.01,82.4,88,75,3.36,broken clouds,0,0
185,Bilma,NE,2020-05-10 00:29:30,18.69,12.92,82.02,12,0,5.75,clear sky,0,0
186,Kaitangata,NZ,2020-05-10 00:29:30,-46.28,169.85,55.99,63,75,3.0,broken clouds,0,0
187,Kamaishi,JP,2020-05-10 00:29:31,39.27,141.88,57.2,93,75,3.36,light rain,0,0
188,Tuktoyaktuk,CA,2020-05-10 00:29:31,69.45,-133.04,35.6,80,40,14.99,scattered clouds,0,0
189,Pangnirtung,CA,2020-05-10 00:29:31,66.15,-65.71,27.52,93,100,9.53,light snow,0,0
190,Aberdeen,GB,2020-05-10 00:29:31,57.14,-2.1,41.0,93,90,11.41,overcast clouds,0,0
191,Tineo,ES,2020-05-10 00:29:31,43.34,-6.41,60.01,100,75,3.36,light rain,0,0
192,Hithadhoo,MV,2020-05-10 00:29:31,-0.6,73.08,84.45,77,81,11.61,light rain,0,0
193,Saldanha,ZA,2020-05-10 00:29:31,-33.01,17.94,57.2,67,0,1.12,clear sky,0,0
194,Birjand,IR,2020-05-10 00:29:32,32.87,59.22,59.0,32,18,6.93,few clouds,0,0
195,Kavieng,PG,2020-05-10 00:29:32,-2.57,150.8,86.0,69,2,7.99,clear sky,0,0
196,Avera,US,2020-05-10 00:29:32,33.19,-82.53,64.4,42,1,4.7,clear sky,0,0
197,Wasilla,US,2020-05-10 00:29:32,61.58,-149.44,69.8,28,1,4.7,clear sky,0,0
198,Grozesti,RO,2020-05-10 00:29:32,44.65,23.32,57.99,62,32,4.52,scattered clouds,0,0
199,Severo-Kurilsk,RU,2020-05-10 00:29:32,50.68,156.12,33.76,90,96,17.69,overcast clouds,0,0
200,Khatanga,RU,2020-05-10 00:29:32,71.97,102.5,23.23,98,18,8.03,few clouds,0,0
201,Makakilo City,US,2020-05-10 00:29:33,21.35,-158.09,84.2,45,90,11.7,overcast clouds,0,0
202,Mildura,AU,2020-05-10 00:26:39,-34.2,142.15,53.01,81,34,3.36,scattered clouds,0,0
203,Bonavista,CA,2020-05-10 00:29:33,48.65,-53.11,39.94,90,100,31.27,light rain,0,0
204,Ajdabiya,LY,2020-05-10 00:28:28,30.76,20.23,67.87,39,0,8.5,clear sky,0,0
205,Barrow,US,2020-05-10 00:23:08,71.29,-156.79,30.2,86,1,8.05,clear sky,0,0
206,Balkhash,KZ,2020-05-10 00:29:33,46.84,74.98,61.74,71,85,13.11,overcast clouds,0,0
207,Pevek,RU,2020-05-10 00:29:33,69.7,170.31,37.44,75,100,14.67,overcast clouds,0,0
208,Agadir,MA,2020-05-10 00:29:33,30.42,-9.6,62.6,88,25,5.79,scattered clouds,0,0
209,Attur,IN,2020-05-10 00:29:34,11.6,78.62,78.94,82,78,1.41,broken clouds,0,0
210,Naliya,IN,2020-05-10 00:29:34,23.27,68.83,78.6,89,0,9.75,clear sky,0,0
211,Mogzon,RU,2020-05-10 00:29:34,51.74,111.96,41.72,61,33,10.98,scattered clouds,0,0
212,Tuatapere,NZ,2020-05-10 00:29:34,-46.13,167.68,60.37,72,93,6.8,overcast clouds,0,0
213,Aquin,HT,2020-05-10 00:29:34,18.28,-73.4,80.02,82,92,7.18,overcast clouds,0,0
214,Vestmannaeyjar,IS,2020-05-10 00:29:34,63.44,-20.27,37.69,80,63,11.56,broken clouds,0,0
215,Kruisfontein,ZA,2020-05-10 00:29:35,-34.0,24.73,59.31,54,0,4.65,clear sky,0,0
216,Katsuura,JP,2020-05-10 00:29:35,35.13,140.3,68.0,88,90,9.17,light intensity drizzle rain,0,0
217,Hashtrud,IR,2020-05-10 00:29:35,37.48,47.05,51.69,81,17,5.5,light rain,0,0
218,Namibe,AO,2020-05-10 00:29:35,-15.2,12.15,80.46,51,33,3.38,scattered clouds,0,0
219,Puerto Colombia,CO,2020-05-10 00:29:35,10.99,-74.95,84.2,79,40,9.17,scattered clouds,0,0
220,Vila Franca Do Campo,PT,2020-05-10 00:29:35,37.72,-25.43,62.6,93,40,16.11,scattered clouds,0,0
221,Fomboni,KM,2020-05-10 00:29:36,-12.28,43.74,80.89,82,96,17.25,overcast clouds,0,0
222,Yellowknife,CA,2020-05-10 00:29:36,62.46,-114.35,37.4,44,20,11.41,few clouds,0,0
223,Del Rio,US,2020-05-10 00:27:59,29.36,-100.9,86.0,27,1,10.29,clear sky,0,0
224,Skovorodino,RU,2020-05-10 00:29:36,53.98,123.92,45.9,51,63,8.9,broken clouds,0,0
225,Coos Bay,US,2020-05-10 00:29:36,43.37,-124.22,69.01,82,1,8.05,clear sky,0,0
226,Comodoro Rivadavia,AR,2020-05-10 00:28:58,-45.87,-67.5,57.2,50,46,9.17,scattered clouds,0,0
227,Samana,DO,2020-05-10 00:29:36,19.21,-69.34,84.2,74,20,9.17,few clouds,0,0
228,Buchanan,LR,2020-05-10 00:29:37,5.88,-10.05,78.8,94,75,8.43,thunderstorm,0,0
229,Cam Ranh,VN,2020-05-10 00:29:37,11.92,109.16,87.8,74,20,2.24,few clouds,0,0
230,Wukari,NG,2020-05-10 00:29:37,7.85,9.78,77.85,85,100,4.34,overcast clouds,0,0
231,Lebu,CL,2020-05-10 00:29:37,-37.62,-73.65,57.38,87,99,19.19,light rain,0,0
232,Ufimskiy,RU,2020-05-10 00:29:37,56.71,58.05,59.5,57,99,4.85,overcast clouds,0,0
233,Kamennogorsk,RU,2020-05-10 00:29:37,60.95,29.13,37.4,69,15,4.7,few clouds,0,0
234,Gizo,SB,2020-05-10 00:29:38,-8.1,156.84,84.96,76,87,12.01,overcast clouds,0,0
235,Nikolayevka,RU,2020-05-10 00:29:38,53.13,47.2,50.34,89,100,13.15,light rain,0,0
236,Moose Factory,CA,2020-05-10 00:29:38,51.26,-80.61,32.0,98,90,12.75,light snow,0,0
237,Nacala,MZ,2020-05-10 00:29:38,-14.54,40.67,70.23,89,26,10.13,scattered clouds,0,0
238,Mahad,IN,2020-05-10 00:29:38,18.08,73.42,74.73,78,2,1.05,clear sky,0,0
239,Grand-Santi,GF,2020-05-10 00:29:39,4.25,-54.38,73.72,97,76,2.37,broken clouds,0,0
240,Korla,CN,2020-05-10 00:29:39,41.76,86.15,62.83,27,50,18.66,scattered clouds,0,0
241,Camana,PE,2020-05-10 00:29:39,-16.62,-72.71,67.12,79,73,5.21,broken clouds,0,0
242,Isangel,VU,2020-05-10 00:29:39,-19.55,169.27,84.2,62,75,5.82,broken clouds,0,0
243,Mount Pleasant,US,2020-05-10 00:29:39,32.79,-79.86,64.99,45,1,6.55,clear sky,0,0
244,Sao Filipe,CV,2020-05-10 00:29:39,14.9,-24.5,73.74,74,98,8.72,overcast clouds,0,0
245,Zhovtneve,UA,2020-05-10 00:29:39,50.66,24.25,47.61,81,18,2.59,few clouds,0,0
246,Jalu,LY,2020-05-10 00:29:39,29.03,21.55,67.42,24,26,7.14,scattered clouds,0,0
247,Auki,SB,2020-05-10 00:29:40,-8.77,160.7,87.42,66,60,4.72,broken clouds,0,0
248,Fairbanks,US,2020-05-10 00:29:40,64.84,-147.72,73.99,29,1,5.64,clear sky,0,0
249,Inuvik,CA,2020-05-10 00:29:40,68.35,-133.72,44.6,48,40,9.17,scattered clouds,0,0
250,Nsanje,MW,2020-05-10 00:29:40,-16.92,35.26,62.92,95,2,2.33,clear sky,0,0
251,Altay,CN,2020-05-10 00:29:40,47.87,88.12,55.47,35,0,1.43,clear sky,0,0
252,Red Bluff,US,2020-05-10 00:29:40,40.18,-122.24,93.2,14,1,13.87,clear sky,0,0
253,Ponta Do Sol,PT,2020-05-10 00:29:40,32.67,-17.1,68.0,68,40,8.05,scattered clouds,0,0
254,Volksrust,ZA,2020-05-10 00:29:41,-27.37,29.88,44.15,78,0,0.6,clear sky,0,0
255,Rio Gallegos,AR,2020-05-10 00:29:41,-51.62,-69.22,39.2,100,90,1.12,fog,0,0
256,Rio Tuba,PH,2020-05-10 00:29:41,8.51,117.43,83.86,76,91,4.79,overcast clouds,0,0
257,Kalabo,ZM,2020-05-10 00:29:41,-14.97,22.68,61.3,66,0,5.53,clear sky,0,0
258,Bubaque,GW,2020-05-10 00:29:41,11.28,-15.83,77.77,75,14,11.39,few clouds,0,0
259,Tasiilaq,GL,2020-05-10 00:29:42,65.61,-37.64,30.2,74,100,13.87,overcast clouds,0,0
260,Zabaykalsk,RU,2020-05-10 00:29:42,49.63,117.32,48.16,47,80,23.67,broken clouds,0,0
261,Along,IN,2020-05-10 00:29:42,28.17,94.77,66.0,70,3,1.72,clear sky,0,0
262,Salmas,IR,2020-05-10 00:29:42,38.2,44.77,55.4,66,20,4.7,thunderstorm,0,0
263,Hun,LY,2020-05-10 00:29:42,29.13,15.95,74.89,18,76,11.36,broken clouds,0,0
264,Edd,ER,2020-05-10 00:29:42,13.93,41.69,90.73,46,48,13.76,scattered clouds,0,0
265,Dikson,RU,2020-05-10 00:29:42,73.51,80.55,26.02,97,90,19.6,overcast clouds,0,0
266,Salym,RU,2020-05-10 00:29:42,60.06,71.48,57.67,56,0,6.4,clear sky,0,0
267,Carutapera,BR,2020-05-10 00:25:49,-1.2,-46.02,76.69,92,82,5.35,light rain,0,0
268,Vilhena,BR,2020-05-10 00:29:43,-12.74,-60.15,69.8,94,91,5.82,overcast clouds,0,0
269,Gweta,BW,2020-05-10 00:29:43,-20.18,25.23,62.58,56,0,10.11,clear sky,0,0
270,Tessalit,ML,2020-05-10 00:29:43,20.2,1.01,82.63,15,2,3.36,clear sky,0,0
271,Cabo San Lucas,MX,2020-05-10 00:29:43,22.89,-109.91,80.6,42,20,6.93,few clouds,0,0
272,Adrar,MR,2020-05-10 00:29:43,20.5,-10.07,88.41,12,9,13.6,clear sky,0,0
273,Sitka,US,2020-05-10 00:29:44,57.05,-135.33,69.8,30,75,8.05,broken clouds,0,0
274,Sakakah,SA,2020-05-10 00:29:44,29.97,40.21,66.2,42,0,3.36,clear sky,0,0
275,Carnarvon,AU,2020-05-10 00:29:44,-24.87,113.63,75.63,39,100,15.21,overcast clouds,0,0
276,Mabaruma,GY,2020-05-10 00:29:44,8.2,-59.78,74.68,89,26,4.45,scattered clouds,0,0
277,Cockburn Town,TC,2020-05-10 00:29:44,21.46,-71.14,80.98,86,30,12.03,scattered clouds,0,0
278,Sovetskaya Gavan,RU,2020-05-10 00:29:44,48.97,140.29,45.52,61,100,4.16,overcast clouds,0,0
279,Sangar,RU,2020-05-10 00:29:44,63.92,127.47,27.64,93,72,5.28,broken clouds,0,0
280,Salalah,OM,2020-05-10 00:29:44,17.02,54.09,82.4,83,20,1.12,few clouds,0,0
281,Brae,GB,2020-05-10 00:29:45,60.4,-1.35,35.6,59,70,19.46,broken clouds,0,0
282,Harlingen,US,2020-05-10 00:24:50,26.19,-97.7,75.2,69,75,18.34,broken clouds,0,0
283,Thompson,CA,2020-05-10 00:29:26,55.74,-97.86,37.4,40,75,13.87,broken clouds,0,0
284,Ballina,AU,2020-05-10 00:29:45,-28.87,153.57,71.6,68,0,10.29,clear sky,0,0
285,Faya,SA,2020-05-10 00:29:45,18.39,42.45,66.2,68,1,0.81,clear sky,0,0
286,Vernon,CA,2020-05-10 00:29:45,50.26,-119.27,75.2,33,1,16.11,clear sky,0,0
287,Broken Hill,AU,2020-05-10 00:29:45,-31.95,141.43,53.6,62,0,10.29,clear sky,0,0
288,Bemidji,US,2020-05-10 00:29:46,47.47,-94.88,45.0,28,40,18.34,scattered clouds,0,0
289,Loreto,MX,2020-05-10 00:29:46,22.27,-101.97,73.17,32,38,2.13,scattered clouds,0,0
290,Cayenne,GF,2020-05-10 00:29:46,4.93,-52.33,77.0,100,75,12.48,broken clouds,0,0
291,Sao Joao Da Barra,BR,2020-05-10 00:29:46,-21.64,-41.05,69.75,63,9,8.72,clear sky,0,0
292,Havre-Saint-Pierre,CA,2020-05-10 00:29:46,50.23,-63.6,39.2,80,90,4.7,overcast clouds,0,0
293,Sorland,NO,2020-05-10 00:29:46,67.67,12.69,33.4,81,95,5.88,overcast clouds,0,0
294,Henties Bay,NA,2020-05-10 00:29:46,-22.12,14.28,70.7,47,0,8.23,clear sky,0,0
295,Conde,BR,2020-05-10 00:29:47,-7.26,-34.91,75.2,88,20,4.7,few clouds,0,0
296,Kongolo,CD,2020-05-10 00:29:47,-5.38,27.0,70.48,90,79,3.0,broken clouds,0,0
297,Traralgon,AU,2020-05-10 00:29:47,-38.18,146.53,50.0,81,23,8.01,light rain,0,0
298,Hamilton,US,2020-05-10 00:27:49,39.18,-84.53,52.0,34,1,8.05,clear sky,0,0
299,Trairi,BR,2020-05-10 00:29:47,-3.28,-39.27,74.97,85,13,4.32,few clouds,0,0
300,Innisfail,AU,2020-05-10 00:29:47,-17.53,146.03,75.54,79,34,7.9,light rain,0,0
301,Vardo,NO,2020-05-10 00:29:47,70.37,31.11,34.2,85,87,0.72,overcast clouds,0,0
302,Zhongshu,CN,2020-05-10 00:29:48,24.52,103.77,68.52,61,0,2.64,clear sky,0,0
303,Saint-Philippe,RE,2020-05-10 00:29:48,-21.36,55.77,69.8,73,20,6.93,few clouds,0,0
304,Antofagasta,CL,2020-05-10 00:27:27,-23.65,-70.4,60.8,77,90,6.93,overcast clouds,0,0
305,Xinxiang,CN,2020-05-10 00:29:48,35.31,113.87,63.46,58,4,8.14,clear sky,0,0
306,Brookhaven,US,2020-05-10 00:29:48,31.58,-90.44,61.0,76,100,4.45,overcast clouds,0,0
307,Jacareacanga,BR,2020-05-10 00:29:48,-6.22,-57.75,75.11,95,98,1.92,light rain,0,0
308,Yumen,CN,2020-05-10 00:29:48,40.28,97.2,45.27,50,88,22.26,overcast clouds,0,0
309,Hobyo,SO,2020-05-10 00:29:48,5.35,48.53,83.1,80,76,7.31,broken clouds,0,0
310,Baturaja,ID,2020-05-10 00:29:49,-4.13,104.17,74.57,96,100,3.4,overcast clouds,0,0
311,Samagaltay,RU,2020-05-10 00:29:49,50.6,95.0,44.17,52,0,1.95,clear sky,0,0
312,Hukuntsi,BW,2020-05-10 00:29:49,-24.0,21.75,60.6,42,0,7.16,clear sky,0,0
313,Hami,CN,2020-05-10 00:29:49,42.8,93.45,58.03,31,0,2.8,clear sky,0,0
314,Asau,RO,2020-05-10 00:29:49,46.43,26.4,48.0,86,35,3.87,scattered clouds,0,0
315,Pacific Grove,US,2020-05-10 00:29:49,36.62,-121.92,66.99,67,75,13.87,broken clouds,0,0
316,Humaita,BR,2020-05-10 00:29:50,-7.51,-63.02,76.59,86,40,1.12,scattered clouds,0,0
317,Hammonton,US,2020-05-10 00:29:24,39.64,-74.8,42.01,52,82,1.01,broken clouds,0,0
318,Souillac,MU,2020-05-10 00:29:50,-20.52,57.52,73.4,83,40,8.05,shower rain,0,0
319,Newport,GB,2020-05-10 00:26:20,51.59,-3.0,60.01,85,85,6.8,overcast clouds,0,0
320,Belawan,ID,2020-05-10 00:29:50,3.78,98.68,78.8,100,40,3.02,mist,0,0
321,Bosaso,SO,2020-05-10 00:29:50,11.28,49.18,86.47,60,40,2.95,scattered clouds,0,0
322,Okato,NZ,2020-05-10 00:29:51,-39.2,173.88,64.99,75,33,5.01,scattered clouds,0,0
323,Anito,PH,2020-05-10 00:29:51,12.45,125.29,83.12,85,92,7.18,light rain,0,0
324,Batemans Bay,AU,2020-05-10 00:29:51,-35.72,150.18,60.01,29,0,3.0,clear sky,0,0
325,Buzmeyin,TM,2020-05-10 00:29:51,38.05,58.21,64.4,68,30,2.24,scattered clouds,0,0
326,Amazar,RU,2020-05-10 00:29:51,53.86,120.88,45.97,50,80,5.03,broken clouds,0,0
327,Matias Olimpio,BR,2020-05-10 00:29:52,-3.72,-42.56,75.47,87,42,2.73,scattered clouds,0,0
328,Waddan,LY,2020-05-10 00:29:52,29.16,16.14,74.95,18,78,13.53,broken clouds,0,0
329,Linxia,CN,2020-05-10 00:29:52,35.6,103.21,50.97,46,0,0.56,clear sky,0,0
330,Port Hardy,CA,2020-05-10 00:26:10,50.7,-127.42,66.2,52,40,2.71,scattered clouds,0,0
331,Geraldton,AU,2020-05-10 00:29:52,-28.77,114.6,60.8,48,66,11.41,broken clouds,0,0
332,Leningradskaya,RU,2020-05-10 00:29:52,46.32,39.39,44.2,86,58,9.71,broken clouds,0,0
333,Chimbote,PE,2020-05-10 00:29:52,-9.09,-78.58,67.95,86,47,8.88,scattered clouds,0,0
334,Karratha,AU,2020-05-10 00:29:53,-20.74,116.85,78.24,25,96,21.72,overcast clouds,0,0
335,Mmabatho,ZA,2020-05-10 00:29:53,-25.85,25.63,56.55,43,0,3.96,clear sky,0,0
336,Aquiraz,BR,2020-05-10 00:29:22,-3.9,-38.39,82.4,78,40,5.82,scattered clouds,0,0
337,North Myrtle Beach,US,2020-05-10 00:29:13,33.82,-78.68,60.01,54,1,5.79,clear sky,0,0
338,Kharan,PK,2020-05-10 00:29:53,28.58,65.42,82.38,14,38,9.24,scattered clouds,0,0
339,Flin Flon,CA,2020-05-10 00:29:53,54.77,-101.86,41.0,38,75,9.17,broken clouds,0,0
340,Perelyub,RU,2020-05-10 00:29:54,51.87,50.37,49.55,85,43,9.98,scattered clouds,0,0
341,Vila Velha,BR,2020-05-10 00:29:54,-20.33,-40.29,66.2,88,41,4.7,scattered clouds,0,0
342,Ribeira Grande,PT,2020-05-10 00:29:54,38.52,-28.7,63.05,85,97,21.92,overcast clouds,0,0
343,Whitianga,NZ,2020-05-10 00:29:54,-36.83,175.7,68.0,73,72,5.99,broken clouds,0,0
344,Iberia,US,2020-05-10 00:29:54,29.95,-91.75,66.2,59,90,8.05,overcast clouds,0,0
345,Ingham,US,2020-05-10 00:29:54,42.6,-84.38,48.99,23,1,14.99,clear sky,0,0
346,Cotonou,BJ,2020-05-10 00:29:54,6.37,2.42,84.2,83,40,11.41,scattered clouds,0,0
347,Vysokogornyy,RU,2020-05-10 00:29:54,50.12,139.15,53.78,42,100,5.3,overcast clouds,0,0
348,Port Macquarie,AU,2020-05-10 00:29:55,-31.43,152.92,64.4,42,0,14.16,clear sky,0,0
349,Zhmerynka,UA,2020-05-10 00:29:55,49.04,28.11,46.54,86,18,5.88,few clouds,0,0
350,Trinidad,BO,2020-05-10 00:29:55,-14.83,-64.9,69.12,77,21,2.01,few clouds,0,0
351,Upernavik,GL,2020-05-10 00:29:55,72.79,-56.15,18.86,93,100,13.2,overcast clouds,0,0
352,San Quintin,MX,2020-05-10 00:29:55,30.48,-115.95,69.17,67,0,8.72,clear sky,0,0
353,Solnechnyy,RU,2020-05-10 00:29:56,50.72,136.63,57.97,38,88,3.94,overcast clouds,0,0
354,Ciudad Bolivar,VE,2020-05-10 00:29:56,8.12,-63.55,89.26,40,38,15.5,scattered clouds,0,0
355,Duiwelskloof,ZA,2020-05-10 00:29:56,-23.69,30.14,59.13,83,72,3.53,broken clouds,0,0
356,Sembakung,ID,2020-05-10 00:29:56,3.82,117.25,79.61,87,97,2.04,overcast clouds,0,0
357,Kingman,US,2020-05-10 00:29:21,35.19,-114.05,97.0,6,1,12.75,clear sky,0,0
358,Sabha,LY,2020-05-10 00:29:56,27.04,14.43,80.2,17,0,9.75,clear sky,0,0
359,Ban Nahin,LA,2020-05-10 00:29:57,18.24,104.21,84.04,70,99,1.16,overcast clouds,0,0
360,Contamana,PE,2020-05-10 00:29:57,-7.33,-75.02,75.52,74,22,1.86,few clouds,0,0
361,Sasykoli,RU,2020-05-10 00:29:57,47.55,47.0,50.88,71,43,11.45,scattered clouds,0,0
362,Lavrentiya,RU,2020-05-10 00:25:02,65.58,-171.0,35.2,92,100,10.36,overcast clouds,0,0
363,Bronnoysund,NO,2020-05-10 00:29:57,65.46,12.2,33.8,80,100,11.41,light intensity shower rain,0,0
364,Bom Jardim,BR,2020-05-10 00:29:57,-7.8,-35.59,68.77,97,28,6.11,scattered clouds,0,0
365,Reconquista,AR,2020-05-10 00:29:57,-29.15,-59.65,58.82,67,0,7.65,clear sky,0,0
366,Romitan,UZ,2020-05-10 00:29:58,39.93,64.38,60.8,77,0,2.24,clear sky,0,0
367,Simao,CN,2020-05-10 00:29:58,22.79,100.97,71.4,57,0,0.51,clear sky,0,0
368,Holme,DK,2020-05-10 00:29:58,56.11,10.17,50.0,93,37,1.12,scattered clouds,0,0
369,Arauca,CO,2020-05-10 00:29:58,7.08,-70.76,76.33,91,44,1.12,scattered clouds,0,0
370,Okha,RU,2020-05-10 00:29:58,53.57,142.95,40.71,69,49,9.48,scattered clouds,0,0
371,Sorong,ID,2020-05-10 00:29:58,-0.88,131.25,82.71,83,48,11.3,scattered clouds,0,0
372,Numan,NG,2020-05-10 00:29:58,9.47,12.03,89.4,52,97,12.44,overcast clouds,0,0
373,Igurusi,TZ,2020-05-10 00:29:59,-8.85,33.85,59.95,80,18,3.04,few clouds,0,0
374,Novobirilyussy,RU,2020-05-10 00:29:59,56.95,90.67,55.67,77,93,5.64,overcast clouds,0,0
375,Tabuk,PH,2020-05-10 00:29:59,17.42,121.44,82.47,70,15,3.29,few clouds,0,0
376,Owando,CG,2020-05-10 00:29:59,-0.48,15.9,69.89,97,98,2.13,overcast clouds,0,0
377,Stanislav,UA,2020-05-10 00:29:59,46.57,32.15,53.42,77,15,3.78,few clouds,0,0
378,Sosnovo-Ozerskoye,RU,2020-05-10 00:29:59,52.52,111.54,41.83,60,5,13.22,clear sky,0,0
379,Rondonopolis,BR,2020-05-10 00:30:00,-16.47,-54.64,72.55,74,4,2.82,clear sky,0,0
380,Nago,JP,2020-05-10 00:30:00,26.59,127.98,80.6,78,40,8.05,scattered clouds,0,0
381,Baijiantan,CN,2020-05-10 00:30:00,45.63,85.18,66.67,25,79,10.36,broken clouds,0,0
382,Paka,MY,2020-05-10 00:30:00,4.64,103.44,80.6,94,40,3.36,scattered clouds,0,0
383,Antropovo,RU,2020-05-10 00:30:00,58.4,43.01,47.53,97,100,9.55,overcast clouds,0,0
384,Caravelas,BR,2020-05-10 00:30:00,-17.71,-39.25,71.33,73,13,9.95,few clouds,0,0
385,West Plains,US,2020-05-10 00:30:01,36.73,-91.85,62.6,36,1,5.82,clear sky,0,0
386,Anadyr,RU,2020-05-10 00:30:01,64.75,177.48,33.8,95,90,64.87,light rain,0,0
387,Wahiawa,US,2020-05-10 00:29:07,21.5,-158.02,84.2,51,1,16.11,clear sky,0,0
388,Maceio,BR,2020-05-10 00:30:02,-9.67,-35.74,78.8,78,40,3.36,scattered clouds,0,0
389,Acapulco,MX,2020-05-10 00:30:02,16.86,-99.89,86.0,62,5,9.17,clear sky,0,0
390,Qasigiannguit,GL,2020-05-10 00:30:03,68.82,-51.19,30.2,92,100,1.12,light snow,0,0
391,Honiara,SB,2020-05-10 00:30:04,-9.43,159.95,89.6,62,20,13.87,few clouds,0,0
392,Honningsvag,NO,2020-05-10 00:30:04,70.98,25.97,34.12,84,93,13.56,overcast clouds,0,0
393,Paragominas,BR,2020-05-10 00:27:46,-2.97,-47.48,74.61,95,96,2.8,overcast clouds,0,0
394,Miles City,US,2020-05-10 00:30:05,46.41,-105.84,53.6,50,75,6.93,broken clouds,0,0
395,Matsubase,JP,2020-05-10 00:30:06,32.65,130.67,69.01,100,75,4.7,light intensity shower rain,0,0
396,Cascas,PE,2020-05-10 00:30:06,-7.48,-78.82,68.58,74,4,1.63,clear sky,0,0
397,Alofi,NU,2020-05-10 00:30:06,-19.06,-169.92,84.2,74,100,11.41,overcast clouds,0,0
398,Umba,RU,2020-05-10 00:30:09,66.69,34.34,33.96,91,75,11.12,broken clouds,0,0
399,Talnakh,RU,2020-05-10 00:30:09,69.49,88.4,30.2,80,75,15.66,light snow,0,0
400,Evensk,RU,2020-05-10 00:30:10,61.95,159.23,36.28,95,100,17.65,overcast clouds,0,0
401,Kembe,CF,2020-05-10 00:30:10,4.62,21.89,68.85,95,92,1.5,overcast clouds,0,0
402,Lodja,CD,2020-05-10 00:30:10,-3.48,23.43,70.47,98,100,1.1,light rain,0,0
403,Makasar,ID,2020-05-10 00:30:10,-5.14,119.42,80.6,83,20,4.7,few clouds,0,0
404,Kargasok,RU,2020-05-10 00:30:11,59.06,80.86,64.36,51,3,6.44,clear sky,0,0
405,Varnamo,SE,2020-05-10 00:30:11,57.19,14.04,41.0,87,83,4.59,broken clouds,0,0
406,Talaya,RU,2020-05-10 00:30:11,61.38,152.75,32.27,93,100,17.56,overcast clouds,0,0
407,Hualmay,PE,2020-05-10 00:30:11,-11.1,-77.61,67.12,84,43,10.65,scattered clouds,0,0
408,Yar-Sale,RU,2020-05-10 00:30:12,66.83,70.83,34.68,93,100,8.43,overcast clouds,0,0
409,Waw,SS,2020-05-10 00:30:12,7.7,28.0,76.12,70,0,4.43,clear sky,0,0
410,Sursk,RU,2020-05-10 00:30:12,53.08,45.68,50.0,94,100,6.04,moderate rain,0,0
411,Maragheh,IR,2020-05-10 00:30:12,37.39,46.24,62.6,48,90,6.93,overcast clouds,0,0
412,Xiaoweizhai,CN,2020-05-10 00:30:13,26.19,107.51,68.95,82,56,6.33,broken clouds,0,0
413,Mtimbira,TZ,2020-05-10 00:30:13,-8.78,36.35,66.22,82,0,2.55,clear sky,0,0
414,Igrim,RU,2020-05-10 00:30:13,63.19,64.42,52.9,86,2,1.48,clear sky,0,0
415,Bereda,ES,2020-05-10 00:30:13,43.27,-7.54,57.0,100,100,1.99,overcast clouds,0,0
416,Laguna,US,2020-05-10 00:30:13,38.42,-121.42,91.4,14,1,9.17,clear sky,0,0
417,Abdanan,IR,2020-05-10 00:30:13,32.99,47.42,67.64,54,0,12.59,clear sky,0,0
418,Bell Ville,AR,2020-05-10 00:30:13,-32.63,-62.69,60.01,59,0,4.0,clear sky,0,0
419,Kathu,TH,2020-05-10 00:30:14,7.92,98.33,78.8,100,40,4.7,scattered clouds,0,0
420,Basco,PH,2020-05-10 00:30:14,20.45,121.97,83.1,75,13,9.04,few clouds,0,0
421,Ternate,ID,2020-05-10 00:30:14,0.8,127.4,85.64,68,75,4.7,broken clouds,0,0
422,Mandalgovi,MN,2020-05-10 00:30:14,45.76,106.27,38.41,64,0,19.04,clear sky,0,0
423,Grindavik,IS,2020-05-10 00:30:14,63.84,-22.43,37.4,55,20,3.36,few clouds,0,0
424,Bengkulu,ID,2020-05-10 00:30:15,-3.8,102.27,78.85,85,100,3.42,overcast clouds,0,0
425,Pochutla,MX,2020-05-10 00:30:15,15.74,-96.47,86.0,71,0,5.14,light rain,0,0
426,Sundsvall,SE,2020-05-10 00:30:15,62.39,17.31,39.2,80,100,8.05,light snow,0,0
427,Ahipara,NZ,2020-05-10 00:30:15,-35.17,173.17,64.94,66,75,7.72,broken clouds,0,0
428,Awjilah,LY,2020-05-10 00:30:15,29.11,21.29,66.58,24,21,7.49,few clouds,0,0
429,Sao Felix Do Xingu,BR,2020-05-10 00:30:15,-6.64,-51.99,74.14,91,80,2.19,broken clouds,0,0
430,Maldonado,UY,2020-05-10 00:27:07,-34.67,-54.92,59.0,76,25,5.82,scattered clouds,0,0
431,Djambala,CG,2020-05-10 00:30:16,-2.54,14.75,69.49,94,77,1.5,moderate rain,0,0
432,Valle De Allende,MX,2020-05-10 00:30:16,26.93,-105.4,79.2,24,42,10.27,scattered clouds,0,0
433,Shache,CN,2020-05-10 00:30:16,38.42,77.24,61.41,63,75,0.76,light rain,0,0
434,Srivardhan,IN,2020-05-10 00:30:16,18.03,73.02,77.59,86,0,4.65,clear sky,0,0
435,Oyotun,PE,2020-05-10 00:30:16,-6.85,-79.3,73.4,69,5,18.34,clear sky,0,0
436,Chipinge,ZW,2020-05-10 00:30:17,-20.19,32.62,52.27,99,28,3.69,scattered clouds,0,0
437,General Roca,AR,2020-05-10 00:30:17,-39.03,-67.58,69.8,22,40,12.75,scattered clouds,0,0
438,Faanui,PF,2020-05-10 00:30:17,-16.48,-151.75,80.98,82,1,17.34,clear sky,0,0
439,Ulladulla,AU,2020-05-10 00:30:17,-35.35,150.47,57.2,34,0,17.22,clear sky,0,0
440,Cherskiy,RU,2020-05-10 00:30:17,68.75,161.3,45.09,59,100,13.13,overcast clouds,0,0
441,Sinop,TR,2020-05-10 00:30:17,41.77,34.87,43.25,60,0,4.81,clear sky,0,0
442,Bathsheba,BB,2020-05-10 00:30:18,13.22,-59.52,80.6,65,40,20.8,scattered clouds,0,0
443,Pallisa,UG,2020-05-10 00:30:18,1.15,33.71,66.85,97,100,3.87,light rain,0,0
444,Viedma,AR,2020-05-10 00:30:18,-40.81,-63.0,60.24,40,95,13.13,overcast clouds,0,0
445,Yashalta,RU,2020-05-10 00:30:18,46.34,42.28,45.36,83,97,10.65,overcast clouds,0,0
446,Khandyga,RU,2020-05-10 00:30:18,62.67,135.6,35.49,84,96,5.75,overcast clouds,0,0
447,Mount Gambier,AU,2020-05-10 00:30:19,-37.83,140.77,53.6,81,95,9.17,light rain,0,0
448,Tucuman,AR,2020-05-10 00:29:16,-26.82,-65.22,62.6,72,0,6.93,clear sky,0,0
449,Tekeli,KZ,2020-05-10 00:30:19,44.83,78.82,56.59,55,100,1.23,overcast clouds,0,0
450,Vostok,RU,2020-05-10 00:30:19,46.49,135.88,46.69,87,100,3.94,light rain,0,0
451,Ust-Nera,RU,2020-05-10 00:30:19,64.57,143.2,34.39,84,98,7.2,overcast clouds,0,0
452,Gairo,IT,2020-05-10 00:30:19,39.85,9.5,64.4,100,40,8.05,scattered clouds,0,0
453,Huilong,CN,2020-05-10 00:30:19,31.81,121.66,69.01,79,87,5.7,overcast clouds,0,0
454,Acarau,BR,2020-05-10 00:30:20,-2.89,-40.12,78.13,84,100,6.98,overcast clouds,0,0
455,Clyde River,CA,2020-05-10 00:30:20,70.47,-68.59,10.4,85,1,14.99,clear sky,0,0
456,Oistins,BB,2020-05-10 00:30:14,13.07,-59.53,80.6,65,40,20.8,scattered clouds,0,0
457,Dharchula,IN,2020-05-10 00:30:20,29.85,80.53,61.5,52,94,5.19,overcast clouds,0,0
458,Danville,US,2020-05-10 00:30:21,36.59,-79.39,54.0,32,1,8.05,clear sky,0,0
459,Talara,PE,2020-05-10 00:28:47,-4.58,-81.27,71.64,84,7,14.83,clear sky,0,0
460,Puerto Madero,MX,2020-05-10 00:30:21,14.72,-92.42,89.6,79,40,8.05,scattered clouds,0,0
461,Labuan,MY,2020-05-10 00:30:21,5.28,115.24,84.2,89,75,2.24,broken clouds,0,0
462,Kahului,US,2020-05-10 00:28:39,20.89,-156.47,80.6,61,40,19.46,scattered clouds,0,0
463,Darhan,MN,2020-05-10 00:30:22,49.49,105.92,47.79,51,77,6.42,broken clouds,0,0
464,Russell,US,2020-05-10 00:30:22,32.35,-85.2,66.2,51,1,5.82,clear sky,0,0
465,Pundaguitan,PH,2020-05-10 00:30:22,6.37,126.17,84.36,72,100,3.8,overcast clouds,0,0
466,Chumikan,RU,2020-05-10 00:30:22,54.72,135.31,42.96,63,100,6.24,overcast clouds,0,0
467,Sambava,MG,2020-05-10 00:30:22,-14.27,50.17,75.0,84,86,11.59,light rain,0,0
468,Vrangel,RU,2020-05-10 00:30:23,42.73,133.08,48.96,97,100,3.2,light rain,0,0
469,Luwuk,ID,2020-05-10 00:27:18,-0.95,122.79,77.92,80,100,6.26,light rain,0,0
470,Goderich,CA,2020-05-10 00:30:23,43.75,-81.72,39.0,71,67,1.12,broken clouds,0,0
471,Kalashnikovo,RU,2020-05-10 00:30:23,57.28,35.23,42.26,88,100,5.75,overcast clouds,0,0
472,College,US,2020-05-10 00:30:23,64.86,-147.8,72.0,28,75,5.06,broken clouds,0,0
473,Touros,BR,2020-05-10 00:30:23,-5.2,-35.46,75.2,88,20,3.36,few clouds,0,0
474,Kriel,ZA,2020-05-10 00:30:24,-26.27,29.23,46.99,94,0,4.38,clear sky,0,0
475,Dunaszekcso,HU,2020-05-10 00:30:24,46.09,18.76,57.2,76,62,5.82,broken clouds,0,0
476,Celestun,MX,2020-05-10 00:30:24,20.87,-90.4,80.89,80,28,12.26,light rain,0,0
477,Maraba,BR,2020-05-10 00:30:24,-5.37,-49.12,80.6,88,40,8.05,scattered clouds,0,0
478,Mandla,IN,2020-05-10 00:30:24,22.6,80.38,83.37,20,46,2.33,scattered clouds,0,0
479,Emerald,AU,2020-05-10 00:30:25,-23.53,148.17,78.01,57,100,5.82,overcast clouds,0,0
480,Lima,PE,2020-05-10 00:29:06,-12.04,-77.03,71.6,68,21,13.87,few clouds,0,0
481,Cairns,AU,2020-05-10 00:28:57,-16.92,145.77,78.8,65,20,11.41,few clouds,0,0
482,Tsabong,BW,2020-05-10 00:30:25,-26.02,22.4,62.67,29,0,10.54,clear sky,0,0
483,Spasskoye,RU,2020-05-10 00:30:25,44.61,132.8,51.06,96,100,6.55,light rain,0,0
484,Strezhevoy,RU,2020-05-10 00:30:26,60.73,77.59,55.4,66,0,4.47,clear sky,0,0
485,Yiyang,CN,2020-05-10 00:30:26,28.59,112.33,67.57,74,87,6.4,overcast clouds,0,0
486,Qurbus,TN,2020-05-10 00:30:26,36.82,10.57,68.0,82,20,5.82,few clouds,0,0
487,Kloulklubed,PW,2020-05-10 00:30:26,7.04,134.26,80.6,83,90,6.93,overcast clouds,0,0
488,Shiraz,IR,2020-05-10 00:28:59,29.6,52.54,69.8,40,99,2.26,overcast clouds,0,0
489,Otane,NZ,2020-05-10 00:30:27,-39.88,176.63,62.01,70,0,5.37,clear sky,0,0
490,Jieshi,CN,2020-05-10 00:30:27,22.81,115.83,82.81,79,100,9.98,overcast clouds,0,0
491,Manado,ID,2020-05-10 00:30:27,1.49,124.85,84.2,70,20,1.12,few clouds,0,0
492,Lakselv,NO,2020-05-10 00:30:27,70.05,24.97,26.6,68,6,14.99,clear sky,0,0
493,Paramonga,PE,2020-05-10 00:30:27,-10.67,-77.83,66.72,86,22,9.66,few clouds,0,0
494,Raikot,IN,2020-05-10 00:30:27,30.65,75.6,81.75,39,4,5.19,light rain,0,0
495,Moron,AR,2020-05-10 00:30:27,-34.65,-58.62,64.0,62,0,4.0,clear sky,0,0
496,Aykhal,RU,2020-05-10 00:30:28,66.0,111.5,32.0,94,90,11.18,shower snow,0,0
497,Ermelo,ZA,2020-05-10 00:30:03,-26.53,29.98,44.04,92,0,2.19,clear sky,0,0
498,Byron Bay,AU,2020-05-10 00:30:28,-28.65,153.62,71.6,68,0,10.29,clear sky,0,0
499,Kalangala,UG,2020-05-10 00:30:28,-0.31,32.23,69.8,94,75,19.73,broken clouds,0,0
500,Port Hedland,AU,2020-05-10 00:30:28,-20.32,118.57,82.4,32,67,16.11,broken clouds,0,0
501,San Rafael,AR,2020-05-10 00:27:14,-34.62,-68.33,63.75,41,0,9.46,clear sky,0,0
502,Camacha,PT,2020-05-10 00:30:29,33.08,-16.33,64.4,93,75,16.11,broken clouds,0,0
503,Inta,RU,2020-05-10 00:30:29,66.03,60.17,41.63,94,100,6.87,moderate rain,0,0
504,Auburn,US,2020-05-10 00:27:47,47.31,-122.23,86.0,17,75,10.29,broken clouds,0,0
505,Deputatskiy,RU,2020-05-10 00:30:29,69.3,139.9,28.2,100,93,10.56,overcast clouds,0,0
506,Malmyzh,RU,2020-05-10 00:30:29,56.52,50.68,55.56,78,48,11.48,scattered clouds,0,0
507,Locri,IT,2020-05-10 00:30:30,38.24,16.26,61.0,18,100,0.83,overcast clouds,0,0
508,Spornoye,RU,2020-05-10 00:30:30,50.84,37.29,44.6,93,89,6.71,overcast clouds,0,0
509,Miyang,CN,2020-05-10 00:30:30,24.4,103.44,75.94,51,0,3.89,clear sky,0,0
510,San Bartolome De Tirajana,ES,2020-05-10 00:30:30,27.92,-15.57,68.0,68,40,16.11,scattered clouds,0,0
511,Kenai,US,2020-05-10 00:30:30,60.55,-151.26,64.4,38,1,17.22,clear sky,0,0
512,Nioki,CD,2020-05-10 00:30:30,-2.72,17.68,72.55,98,100,4.54,moderate rain,0,0
513,Biak,ID,2020-05-10 00:30:31,-0.91,122.88,76.95,85,100,8.25,light rain,0,0
514,Pavilosta,LV,2020-05-10 00:30:31,56.89,21.19,35.6,100,0,5.39,clear sky,0,0
515,Biltine,TD,2020-05-10 00:30:31,14.53,20.92,78.87,13,0,11.41,clear sky,0,0
516,Nuevo Progreso,MX,2020-05-10 00:30:31,23.17,-97.95,79.0,65,19,11.01,few clouds,0,0
517,Chimore,BO,2020-05-10 00:30:31,-16.98,-65.13,66.31,79,77,2.28,broken clouds,0,0
518,Saint-Pierre,RE,2020-05-10 00:30:32,-21.34,55.48,69.8,73,20,6.93,few clouds,0,0
519,Tamale,GH,2020-05-10 00:30:32,9.4,-0.84,83.8,66,100,7.36,overcast clouds,0,0
520,Mangrol,IN,2020-05-10 00:30:32,21.12,70.12,79.83,85,0,7.83,clear sky,0,0
521,Boa Vista,BR,2020-05-10 00:30:32,2.82,-60.67,84.2,66,99,5.82,overcast clouds,0,0
522,Troitsko-Pechorsk,RU,2020-05-10 00:30:33,62.71,56.2,44.76,96,24,1.97,few clouds,0,0
523,Miramar,US,2020-05-10 00:30:33,25.99,-80.23,80.01,61,1,9.17,clear sky,0,0
524,Druzhba,UA,2020-05-10 00:30:33,52.04,33.95,43.86,82,100,6.71,overcast clouds,0,0
525,Nemuro,JP,2020-05-10 00:30:33,43.32,145.57,51.8,76,100,6.93,light intensity shower rain,0,0
526,Coihaique,CL,2020-05-10 00:26:12,-45.58,-72.07,41.0,100,90,5.82,light rain,0,0
527,Xiantao,CN,2020-05-10 00:30:34,30.38,113.4,69.31,63,0,2.66,clear sky,0,0
528,Nuzvid,IN,2020-05-10 00:30:34,16.78,80.85,82.54,79,0,6.26,clear sky,0,0
529,Conway,US,2020-05-10 00:29:46,35.09,-92.44,66.2,42,1,5.82,clear sky,0,0
530,Buala,SB,2020-05-10 00:30:34,-8.14,159.59,86.7,69,97,5.44,overcast clouds,0,0
531,Presidencia Roque Saenz Pena,AR,2020-05-10 00:30:35,-26.79,-60.44,61.21,56,0,7.11,clear sky,0,0
532,Tombouctou,ML,2020-05-10 00:30:35,20.0,-3.0,85.17,13,0,2.77,clear sky,0,0
533,Izhma,RU,2020-05-10 00:30:35,65.01,53.91,41.77,91,87,1.97,overcast clouds,0,0
534,Port Augusta,AU,2020-05-10 00:30:35,-32.5,137.77,55.4,66,0,3.36,clear sky,0,0
535,Guaymas,MX,2020-05-10 00:30:36,27.93,-110.9,91.99,58,5,10.13,clear sky,0,0
536,Methoni,GR,2020-05-10 00:30:36,36.82,21.7,62.01,93,0,9.35,clear sky,0,0
537,Sur,OM,2020-05-10 00:30:36,22.57,59.53,81.64,66,0,5.95,clear sky,0,0
538,Xinmin,CN,2020-05-10 00:30:36,41.99,122.83,64.4,77,0,11.18,clear sky,0,0
539,Half Moon Bay,US,2020-05-10 00:27:27,37.46,-122.43,73.0,82,90,8.05,overcast clouds,0,0
540,Port Moresby,PG,2020-05-10 00:30:36,-9.44,147.18,87.8,70,40,3.36,haze,0,0
541,Heze,CN,2020-05-10 00:30:37,35.24,115.44,69.66,50,0,6.31,clear sky,0,0
542,Tucuma,BR,2020-05-10 00:30:37,-0.18,-50.05,77.22,90,34,5.1,light rain,0,0
543,Juegang,CN,2020-05-10 00:30:37,32.32,121.19,66.0,82,10,7.63,clear sky,0,0
544,Vadlapudi,IN,2020-05-10 00:30:37,14.32,79.8,82.2,77,0,12.3,clear sky,0,0
545,Yashan,CN,2020-05-10 00:30:37,22.2,109.94,83.41,81,100,4.94,overcast clouds,0,0
546,Iskateley,RU,2020-05-10 00:30:38,67.68,53.15,29.5,94,3,7.2,clear sky,0,0
547,Kedrovyy,RU,2020-05-10 00:30:38,56.17,91.82,60.8,38,84,2.24,broken clouds,0,0
548,Kaohsiung,TW,2020-05-10 00:30:38,22.62,120.31,87.8,62,40,8.05,scattered clouds,0,0
549,Rio Grande,BR,2020-05-10 00:30:38,-32.03,-52.1,57.99,81,0,8.3,clear sky,0,0
550,Mantua,IT,2020-05-10 00:30:38,45.17,10.78,64.0,63,100,1.99,overcast clouds,0,0
551,Zhangjiakou,CN,2020-05-10 00:30:39,40.81,114.88,56.41,34,5,20.62,clear sky,0,0
552,High Level,CA,2020-05-10 00:30:39,58.52,-117.14,48.2,42,90,5.82,overcast clouds,0,0
553,Assiniboia,CA,2020-05-10 00:30:39,49.63,-105.98,43.7,60,100,13.51,overcast clouds,0,0
554,Ephrata,US,2020-05-10 00:30:39,40.18,-76.18,41.0,51,0,4.0,clear sky,0,0
555,Muisne,EC,2020-05-10 00:30:39,0.6,-80.03,82.4,83,75,10.29,shower rain,0,0
556,Mercedes,AR,2020-05-10 00:30:40,-34.65,-59.43,60.01,67,0,8.14,clear sky,0,0
557,Cozumel,MX,2020-05-10 00:30:40,20.51,-86.95,84.0,94,90,6.93,overcast clouds,0,0
558,Soto La Marina,MX,2020-05-10 00:30:40,23.77,-98.22,79.0,75,20,10.0,few clouds,0,0
559,Oriximina,BR,2020-05-10 00:30:40,-1.77,-55.87,77.9,90,99,2.75,overcast clouds,0,0
560,San Javier,ES,2020-05-10 00:30:41,37.81,-0.84,69.01,82,100,6.93,overcast clouds,0,0
561,San Ramon,US,2020-05-10 00:27:08,37.78,-121.98,84.99,28,1,11.41,clear sky,0,0
562,Sovetskiy,RU,2020-05-10 00:30:41,61.36,63.58,58.28,54,15,5.77,few clouds,0,0
563,Heihe,CN,2020-05-10 00:30:42,50.24,127.49,53.6,54,84,15.66,broken clouds,0,0
564,Kharhial,IN,2020-05-10 00:30:42,20.28,82.77,85.73,32,0,2.75,clear sky,0,0
565,Kirakira,SB,2020-05-10 00:30:42,-10.45,161.92,86.59,65,23,9.24,few clouds,0,0
566,Changji,CN,2020-05-10 00:30:42,44.02,87.32,69.8,15,67,13.42,broken clouds,0,0
567,Mazzarino,IT,2020-05-10 00:26:05,37.3,14.21,55.0,93,100,1.01,overcast clouds,0,0
568,Ust-Kuyga,RU,2020-05-10 00:30:43,70.02,135.6,31.37,98,100,6.46,overcast clouds,0,0
569,Mayahi,NE,2020-05-10 00:30:43,13.96,7.67,85.33,32,26,4.56,scattered clouds,0,0
570,Sunndalsora,NO,2020-05-10 00:30:43,62.68,8.55,33.8,89,99,28.86,snow,0,0
571,Dingle,PH,2020-05-10 00:30:43,11.0,122.67,88.2,60,100,7.87,overcast clouds,0,0
572,Banyo,CM,2020-05-10 00:30:43,6.75,11.82,66.38,89,100,1.41,overcast clouds,0,0
